id;name;description;start;version;icon;icon_content_type;product_id
1;communities Wooden Games;Generic;2021-11-12T08:57:46;16305;../fake-data/blob/hipster.png;image/png;1
2;initiatives Pizza e-business;Turkmenistan Loan;2021-11-11T23:52:55;61816;../fake-data/blob/hipster.png;image/png;2
3;systems;Cambridgeshire Loan;2021-11-12T09:49:15;158;../fake-data/blob/hipster.png;image/png;3
4;emulation hard;EXE;2021-11-11T16:54:09;93601;../fake-data/blob/hipster.png;image/png;4
5;Data;Holy Washington Optimization;2021-11-12T08:34:57;28890;../fake-data/blob/hipster.png;image/png;5
6;Planner Oman;1080p bypass dynamic;2021-11-12T06:03:23;80717;../fake-data/blob/hipster.png;image/png;6
7;Small;bus Fantastic;2021-11-11T21:03:10;24855;../fake-data/blob/hipster.png;image/png;7
8;Mill Jordan AI;Island;2021-11-11T17:53:07;60090;../fake-data/blob/hipster.png;image/png;8
9;Music;infrastructure;2021-11-11T19:18:31;52918;../fake-data/blob/hipster.png;image/png;9
10;Borders Cheese Outdoors;Bedfordshire Maryland Personal;2021-11-12T05:54:14;707;../fake-data/blob/hipster.png;image/png;10
